mod_id,mod_name
dsplevin0,Dasi Splevin
eshelliday1,Esme Shelliday
ajeayes2,Adara Jeayes
nloyndon3,Nellie Loyndon
earnely4,Elmira Arnely
epallant5,Emmy Pallant
rdearnley6,Rodrick Dearnley
po7,Pen O' Hanvey
ctewkesbury8,Chelsea Tewkesbury
lgavin9,Lenard Gavin
gcolombiera,Germaine Colombier
ndawkesb,Nils Dawkes
tgarshorec,Tanhya Garshore
ocargenvend,Opalina Cargenven
gmerigeaue,Garret Merigeau
tfrankumf,Tobe Frankum
ptilliardsg,Paulo Tilliards
cmccoishh,Christalle McCoish
callsopi,Conroy Allsop
zclendennenj,Zack Clendennen
mwoolamk,Munmro Woolam
vgrundlel,Vale Grundle
gbuncherm,Gallard Buncher
fbelvinn,Frederik Belvin
slondono,Sheppard London
bmcdonnellp,Birgit McDonnell
hdaenenq,Henrietta Daenen
epescudr,Ethelin Pescud
aelizabeths,Abram Elizabeth
lkeefet,Lissie Keefe
bkehoeu,Belvia Kehoe
mrickellv,Morse Rickell
tboundsw,Tann Bounds
dleethamx,Devland Leetham
rgiannasiy,Reggie Giannasi
dfussellz,Dame Fussell
kabilowitz10,Kanya Abilowitz
opresdee11,Ole Presdee
nsandell12,Norton Sandell
mphlipon13,Marielle Phlipon
mmurrhardt14,Mirna Murrhardt
bnannini15,Bren Nannini
ahubane16,Ainslee Hubane
dbennetto17,Denny Bennetto
chuggard18,Constanta Huggard
frittelmeyer19,Findlay Rittelmeyer
cripper1a,Cristen Ripper
kbritten1b,Kingsley Britten
mopie1c,Monro Opie
mstygall1d,Manya Stygall
